date,company,cik,ticker,industry
2024-10-31,"Finch Therapeutics Group, Inc.",1733257,FNCH,"Biological Products, (No Diagnostic Substances)"
2024-10-21,TELLURIAN INC. /DE/,61398,TELZ,Crude Petroleum & Natural Gas
2024-10-11,"Guardion Health Sciences, Inc.",1642375,GHSI,Pharmaceutical Preparations
2024-10-11,Investment Managers Series Trust II,1587982,,
2024-10-07,ORANGE,1038143,FNCTF,Telephone Communications (No Radiotelephone)
2024-10-07,Renalytix plc,1811115,RNLXY,Services-Medical Laboratories
2024-10-04,"Generations Bancorp NY, Inc.",1823365,GBNY,"Savings Institution, Federally Chartered"
2024-09-26,Dynamic Shares Trust,1771951,WEIX,Commodity Contracts Brokers & Dealers
2024-09-23,BlackRock Inc.,1364742,,
2024-09-20,Telesis Bio Inc.,1850079,TBIO,Laboratory Analytical Instruments
2024-09-13,Calliditas Therapeutics AB,1795579,,
2024-09-06,Altisource Asset Management Corp,1555074,AAMCF,Real Estate
2024-09-03,ETF Opportunities Trust,1771146,,
2024-08-30,Currenc Group Inc.,1862935,CURR,"Services-Business Services, NEC"
2024-08-23,Learn CW Investment Corp,1847577,,
2024-08-23,"Benson Hill, Inc.",1830210,BHIL,Food and Kindred Products
2024-08-16,CAMPBELL SOUP CO,16732,CPB,Food and Kindred Products
2024-08-16,Grindrod Shipping Holdings Ltd.,1725293,,
2024-08-12,ETF Series Solutions,1540305,,
2024-08-12,Allego N.V.,1874474,ALLGF,"Services-Automotive Repair, Services & Parking"
2024-08-05,"COVENANT LOGISTICS GROUP, INC.",928658,CVLG,Trucking (No Local)
2024-08-05,UNITED COMMUNITY BANKS INC,857855,UCB,State Commercial Banks
2024-08-05,"Vintage Wine Estates, Inc.",1834045,VWESQ,Beverages
2024-07-25,MorphoSys AG,1340243,MPSYF,Pharmaceutical Preparations
2024-07-22,Ameris Bancorp,351569,ABCB,State Commercial Banks
2024-07-22,"TC Bancshares, Inc.",1850398,TCBC,"Savings Institution, Federally Chartered"
2024-07-18,"Cullman Bancorp, Inc. /MD/",1845799,CULL,"Savings Institutions, Not Federally Chartered"
2024-07-15,Monterey Capital Acquisition Corp,1895249,CNTM,Construction - Special Trade Contractors
2024-07-11,PARTNERRE LTD,911421,PREJF,Accident & Health Insurance
2024-06-21,FEDERAL HOME LOAN MORTGAGE CORP,1026214,FMCC,Federal & Federally-Sponsored Credit Agencies
2024-06-21,Feutune Light Acquisition Corp,1912582,AIEV,Motor Vehicles & Passenger Car Bodies
2024-06-20,Tidal ETF Trust,1742912,,
2024-06-20,Tidal ETF Trust,1742912,,
2024-06-07,SIFY TECHNOLOGIES LTD,1094324,SIFY,"Services-Computer Programming, Data Processing, Etc."
2024-06-06,"BETTERWARE DE MEXICO, S.A.P.I. DE C.V",1788257,BWMX,Retail-Catalog & Mail-Order Houses
2024-06-03,Concord Acquisition Corp II,1851959,CNDA,Blank Checks
2024-06-03,"M.D.C. HOLDINGS, INC.",773141,,
2024-05-31,"American Oncology Network, Inc.",1839998,AONC,Services-Health Services
2024-05-29,TCW ETF Trust,1831313,,
2024-05-29,TCW ETF Trust,1831313,,
2024-05-29,FIRST BANCSHARES INC /MS/,947559,FBMS,National Commercial Banks
2024-05-17,KFORCE INC,930420,KFRC,Services-Help Supply Services
2024-05-10,MERRIMACK PHARMACEUTICALS INC,1274792,,
2024-05-06,Clever Leaves Holdings Inc.,1819615,CLVR,Pharmaceutical Preparations
2024-04-29,"Vaxxinity, Inc.",1851657,VAXX,Pharmaceutical Preparations
2024-04-25,Roth CH Acquisition Co.,1860514,USCTF,Blank Checks
2024-04-23,TOP SHIPS INC.,1296484,TOPS,Deep Sea Foreign Transportation of  Freight
2024-04-22,PECO ENERGY CAPITAL LP,925910,,
2024-04-19,VIA optronics AG,1769116,,
2024-04-18,MERRILL LYNCH DEPOSITOR INC INDEXPLUS TRUST SERIES 2003-1,1267332,IPB,Asset-Backed Securities
2024-04-15,"Semantix, Inc.",1896049,,
2024-04-08,BRAZILIAN DISTRIBUTION CO COMPANHIA BRASILEIRA DE DISTR CBD,1038572,CBDBY,Retail-Grocery Stores
2024-04-04,Revelstone Capital Acquisition Corp.,1874218,,
2024-04-04,"Ampio Pharmaceuticals, Inc.",1411906,AMPE,Pharmaceutical Preparations
2024-04-01,Movella Holdings Inc.,1839132,MVLA,Services-Prepackaged Software
2024-04-01,Greenbrook TMS Inc.,1735948,GBNHF,"Services-Misc Health & Allied Services, NEC"
2024-03-28,Generation Asia I Acquisition Ltd,1852061,GAQ,Blank Checks
2024-03-28,Zapata Computing Holdings Inc.,1843714,ZPTA,Services-Prepackaged Software
2024-03-25,ALMADEN MINERALS LTD,1015647,AAUAF,Metal Mining
2024-03-22,voxeljet AG,1582581,VJTTY,Printing Trades Machinery & Equipment
2024-03-20,"Atreca, Inc.",1532346,,
2024-03-20,HCM Acquisition Corp,1845368,,
2024-03-18,"Cyteir Therapeutics, Inc.",1662244,,
2024-03-15,KELSO TECHNOLOGIES INC,1161814,KIQSF,Railroad Equipment
2024-03-15,"Gryphon Digital Mining, Inc.",1755953,GRYP,Finance Services
2024-03-11,LianBio,1831283,LIANY,Pharmaceutical Preparations
2024-03-05,Two Roads Shared Trust,1552947,,
2024-03-04,Science Applications International Corp,1571123,SAIC,Services-Computer Integrated Systems Design
2024-03-04,Vector Acquisition Corp II,1842386,,
2024-03-04,Vector Acquisition Corp II,1842386,,
2024-03-01,Arrow ETF Trust,1532206,,
2024-03-01,"Tingo Group, Inc.",854800,TIOG,Food and Kindred Products
2024-03-01,PHAXIAM Therapeutics S.A.,1624422,,
2024-02-27,"ESPORTS ENTERTAINMENT GROUP, INC.",1451448,GMBL,Services-Amusement & Recreation Services
2024-02-12,"Cheniere Energy, Inc.",3570,LNG,Natural Gas Distribution
2024-02-12,"Cheniere Energy Partners, L.P.",1383650,CQP,Natural Gas Distribution
2024-02-09,Alithya Group inc,1734520,ALYAF,"Services-Computer Programming, Data Processing, Etc."
2024-02-02,SAFEGUARD SCIENTIFICS INC,86115,SFES,"Investors, NEC"
2024-02-02,Churchill Capital Corp VII,1828248,,
2024-01-30,Natura &Co Holding S.A.,1776967,,
2024-01-29,"Aravive, Inc.",1513818,,
2024-01-29,Navios Maritime Holdings Inc.,1333172,NMPGY,Deep Sea Foreign Transportation of  Freight
2024-01-29,J.P. Morgan Exchange-Traded Fund Trust,1485894,,
2024-01-29,TuSimple Holdings Inc.,1823593,TSPH,Services-Computer Integrated Systems Design
2024-01-29,Navios Maritime Holdings Inc.,1333172,NMPGY,Deep Sea Foreign Transportation of  Freight
2024-01-17,INVESCO EXCHANGE-TRADED FUND TRUST,1209466,,
2024-01-16,"VIRTUS INVESTMENT PARTNERS, INC.",883237,VRTS,Investment Advice
2024-01-08,"SALEM MEDIA GROUP, INC. /DE/",1050606,SALM,Radio Broadcasting Stations
2024-01-08,REGIS CORP,716643,RGS,Services-Personal Services
2024-01-05,HALLMARK FINANCIAL SERVICES INC,819913,,
2024-01-05,FLYEXCLUSIVE INC.,1843973,FLYX,"Air Transportation, Nonscheduled"
2024-01-02,Constellation Acquisition Corp I,1834032,CSTAF,Blank Checks
2023-12-29,enCore Energy Corp.,1500881,EU,Miscellaneous Metal Ores
2023-12-28,Kaspien Holdings Inc.,795212,,
2023-12-26,MINERVA SURGICAL INC,1452965,,
2023-12-26,EA Series Trust,1592900,,
2023-12-26,Arlington Asset Investment Corp.,1209028,,
2023-12-26,EA Series Trust,1592900,,
2023-12-26,"Amneal Pharmaceuticals, Inc.",1723128,AMRX,Pharmaceutical Preparations
2023-12-22,Adit EdTech Acquisition Corp.,1830029,GRDI,Finance Services
2023-12-21,NATIONAL GRID PLC,1004315,NGG,Natural Gas Transmission
2023-12-21,NIAGARA MOHAWK POWER CORP /NY/,71932,,
2023-12-18,"Mynd.ai, Inc.",1708441,MYND,"Computer Peripheral Equipment, NEC"
2023-12-18,SouthState Corp,764038,SSB,State Commercial Banks
2023-12-12,"Volato Group, Inc.",1853070,SOAR,"Air Transportation, Nonscheduled"
2023-12-11,CITIZENS HOLDING CO /MS/,1075706,CIZN,State Commercial Banks
2023-12-08,SMARTFINANCIAL INC.,1038773,SMBK,National Commercial Banks
2023-11-27,AENZA S.A.A.,1572621,,
2023-11-24,Listed Funds Trust,1683471,,
2023-11-21,"Kubient, Inc.",1729750,KBNT,Services-Computer Integrated Systems Design
2023-11-20,EA Series Trust,1592900,,
2023-11-20,EA Series Trust,1592900,,
2023-11-20,EXPEDITORS INTERNATIONAL OF WASHINGTON INC,746515,EXPD,Arrangement of  Transportation of  Freight & Cargo
2023-11-17,Virtus ETF Trust II,1648403,,
2023-11-13,EntrepreneurShares Series Trust,1495922,,
2023-11-09,BANCO ITAU CHILE,1276671,,
2023-11-06,PyroGenesis Canada Inc.,1743344,PYRGF,Pharmaceutical Preparations
2023-11-06,LINDE PLC,1707925,LIN,Industrial Inorganic Chemicals
2023-11-03,"OVERSTOCK.COM, INC",1130713,BYON,Retail-Catalog & Mail-Order Houses
2023-11-01,PARK CITY GROUP INC,50471,TRAK,Services-Computer Processing & Data Preparation
2023-10-30,Ozon Holdings PLC,1822829,,
2023-10-30,Enthusiast Gaming Holdings Inc. / Canada,1854233,EGLXF,Services-Amusement & Recreation Services
2023-10-19,Athena Consumer Acquisition Corp.,1869141,,
2023-10-19,AMERICAN CENTURY ETF TRUST,1710607,,
2023-10-17,"Firsthand Technology Value Fund, Inc.",1495584,SVVC,
2023-10-16,10X Capital Venture Acquisition Corp. III,1848948,,
2023-10-12,Boqii Holding Ltd,1815021,BQ,"Retail-Retail Stores, NEC"
2023-10-06,RENASANT CORP,715072,RNST,State Commercial Banks
2023-10-05,FAST Acquisition Corp. II,1839824,,
2023-09-29,Graf Acquisition Corp. IV,1845459,NKGN,"Biological Products, (No Diagnostic Substances)"
2023-09-26,"DoorDash, Inc.",1792789,DASH,"Services-Business Services, NEC"
2023-09-25,"COOPER COMPANIES, INC.",711404,COO,Ophthalmic Goods
2023-09-22,"Blue Apron Holdings, Inc.",1701114,,
2023-09-05,BANK OF SOUTH CAROLINA CORP,1007273,BKSC,State Commercial Banks
2023-09-01,illumin Holdings Inc.,1861233,ILLMF,Services-Computer Processing & Data Preparation
2023-08-28,Amerant Bancorp Inc.,1734342,AMTB,National Commercial Banks
2023-08-25,Mobile Infrastructure Corp,1847874,BEEP,Real Estate
2023-08-21,Black Spade Acquisition Co,1851908,,
2023-08-21,First Foundation Inc.,1413837,FFWM,State Commercial Banks
2023-08-18,SEACHANGE INTERNATIONAL INC,1019671,SEAC,Services-Prepackaged Software
2023-08-16,"Aceragen, Inc.",861838,,
2023-08-14,"Mid-Southern Bancorp, Inc.",1734875,MSVB,"Savings Institution, Federally Chartered"
2023-08-11,Quantum FinTech Acquisition Corp,1830795,,
2023-08-07,ETF Series Solutions,1540305,,
2023-07-31,IDEX Biometrics ASA,1824036,,
2023-07-31,Oconee Federal Financial Corp.,1501078,OFED,"Savings Institution, Federally Chartered"
2023-07-31,"Shapeways Holdings, Inc.",1784851,SHPWQ,Miscellaneous Manufacturing Industries
2023-07-27,Athena Technology Acquisition Corp. II,1882198,ATEK,Blank Checks
2023-07-27,"IronNet, Inc.",1777946,,
2023-07-21,Priveterra Acquisition Corp.,1837607,AEON,Pharmaceutical Preparations
2023-07-17,FISERV INC,798354,FI,"Services-Business Services, NEC"
2023-07-17,Freedom Acquisition I Corp.,1838987,CSLR,Semiconductors & Related Devices
2023-07-10,VectivBio Holding AG,1836379,,
2023-07-05,ROPER TECHNOLOGIES INC,882835,ROP,"Industrial Instruments For Measurement, Display, and Control"
2023-06-28,HeadHunter Group PLC,1721181,,
2023-06-26,Black Spade Acquisition Co,1851908,,
2023-06-23,BONSO ELECTRONICS INTERNATIONAL INC,846546,BNSOF,"Electronic Components, NEC"
2023-06-23,"Genius Brands International, Inc.",1355848,TOON,Services-Motion Picture & Video Tape Production
2023-06-22,EVe Mobility Acquisition Corp,1861121,EVE,Blank Checks
2023-06-09,"Stellar Bancorp, Inc.",1473844,STEL,National Commercial Banks
2023-06-06,FISERV INC,798354,FI,"Services-Business Services, NEC"
2023-06-01,51Talk Online Education Group,1659494,COE,Services-Educational Services
2023-06-01,Kaspien Holdings Inc.,795212,,
2023-05-26,TravelCenters of America Inc. /MD/,1378453,,
2023-05-22,EQUITY BANCSHARES INC,1227500,EQBK,State Commercial Banks
2023-05-19,"Origin Bancorp, Inc.",1516912,OBK,State Commercial Banks
2023-05-12,ABB LTD,1091587,ABLZF,Switchgear & Switchboard Apparatus
2023-05-08,"IDW MEDIA HOLDINGS, INC.",1463833,IDWM,Services-Advertising
2023-05-04,"Vyant Bio, Inc.",1349929,,
2023-05-01,SKYDECK ACQUISITION CORP.,1847152,,
2023-05-01,Orion Biotech Opportunities Corp.,1847416,,
2023-05-01,Insight Acquisition Corp. /DE,1862463,INAQ,Patent Owners & Lessors
2023-04-26,MOTIVATING THE MASSES INC,1107796,,
2023-04-24,"Banco Santander Mexico S.A., Institucion de Banca Multiple, Grupo Financiero Santander Mexico",1698287,,
2023-04-20,Northern Lights Fund Trust,1314414,,
2023-04-20,ETF Series Solutions,1540305,,
2023-04-17,PAN AMERICAN SILVER CORP,771992,PAAS,Gold and Silver Ores
2023-04-13,Industrias Bachoco S.A.B. de C.V.,1044896,,
2023-04-10,BlueRiver Acquisition Corp.,1831006,BLUAF,Surgical & Medical Instruments & Apparatus
2023-04-10,Brookfield DTLA Fund Office Trust Investor Inc.,1575311,DTLAP,Real Estate Investment Trusts
2023-04-07,DAVIDsTEA Inc.,1627606,DTEAF,Retail-Food Stores
2023-04-06,Sio Gene Therapies Inc.,1636050,,
2023-04-04,TITAN MEDICAL INC,840551,TMDIF,Surgical & Medical Instruments & Apparatus
2023-04-03,Primoris Services Corp,1361538,PRIM,"Water, Sewer, Pipeline, Comm & Power Line Construction"
2023-03-29,Catcha Investment Corp,1838293,,
2023-03-28,"Rubius Therapeutics, Inc.",1709401,,
2023-03-27,ObsEva SA,1685316,,
2023-03-23,Listed Funds Trust,1683471,,
2023-03-23,"ASPEN GROUP, INC.",1487198,ASPU,Services-Educational Services
2023-03-20,Loyalty Ventures Inc.,1870997,,
2023-03-20,Jaws Mustang Acquisition Corp,1831359,JWSM,Blank Checks
2023-03-20,JATT Acquisition Corp,1855644,ZURA,"Biological Products, (No Diagnostic Substances)"
2023-03-16,Ambrx Biopharma Inc.,1836056,,
2023-03-13,Northern Star Investment Corp. II,1834518,NSTB,Blank Checks
2023-03-13,Berenson Acquisition Corp. I,1869673,,
2023-03-06,GUARANTY BANCSHARES INC /TX/,1058867,GNTY,National Commercial Banks
2023-03-06,Williams Rowland Acquisition Corp.,1855168,,
2023-03-01,"Southland Holdings, Inc.",1883814,SLND,Heavy Construction Other Than Bldg Const - Contractors
2023-02-24,CANON INC,16988,CAJPY,Photographic Equipment & Supplies
2023-02-24,Bite Acquisition Corp.,1831270,,
2023-02-23,InterPrivate III Financial Partners Inc.,1839610,,
2023-02-23,Adit EdTech Acquisition Corp.,1830029,GRDI,Finance Services
2023-02-22,COHERENT CORP.,820318,COHR,Optical Instruments & Lenses
2023-02-21,Athena Consumer Acquisition Corp.,1869141,,
2023-02-13,"FFBW, Inc. /MD/",1787384,FFBW,"Savings Institution, Federally Chartered"
2023-02-06,PARTNER COMMUNICATIONS CO LTD,1096691,PTNRF,Radiotelephone Communications
2023-02-06,"Cincinnati Bancorp, Inc.",1787005,,
2023-02-06,THOR Financial Technologies Trust,1924447,,
2023-02-06,SOUTH JERSEY INDUSTRIES INC,91928,,
2023-01-23,CHINA EASTERN AIRLINES CORP LTD,1030475,CHEAF,"Air Transportation, Scheduled"
2023-01-23,CHINA SOUTHERN AIRLINES CO LTD,1041668,CHKIF,"Air Transportation, Scheduled"
2023-01-20,EXCELLON RESOURCES INC,1263011,EXNRF,Gold and Silver Ores
2023-01-19,Creative Media & Community Trust Corp,908311,CMCT,Real Estate Investment Trusts
2023-01-17,Atlantic Union Bankshares Corp,883948,AUB,State Commercial Banks
2023-01-13,TATA MOTORS LTD/FI,926042,,
2023-01-09,CI Financial Corp.,1829948,CIXXF,Investment Advice
2023-01-06,AUTOSCOPE TECHNOLOGIES CORP,943034,AATC,"Measuring & Controlling Devices, NEC"
2023-01-03,"PS BUSINESS PARKS, INC./MD",866368,,
2023-01-03,TUESDAY MORNING CORP/DE,878726,TUEMQ,Retail-Variety Stores
2023-01-03,Eagle Bulk Shipping Inc.,1322439,,
2022-12-28,Direxion Shares ETF Trust,1424958,,
2022-12-27,Listed Funds Trust,1683471,,
2022-12-27,EA Series Trust,1592900,,
2022-12-27,EA Series Trust,1592900,,
2022-12-27,"Evergy, Inc.",1711269,EVRG,Electric & Other Services Combined
2022-12-27,Listed Funds Trust,1683471,,
2022-12-23,Harbor ETF Trust,1860434,,
2022-12-23,"Rubicon Technology, Inc.",1410172,RBCN,Semiconductors & Related Devices
2022-12-23,Social Leverage Acquisition Corp I,1834755,,
2022-12-23,Drive Shack Inc.,1175483,DSHK,Retail-Eating & Drinking Places
2022-12-23,Hoegh LNG Partners LP,1603016,HMLPF,Water Transportation
2022-12-22,Quotient Ltd,1596946,,
2022-12-21,"Ever-Glory International Group, Inc.",943184,,
2022-12-19,NORTHERN LIGHTS FUND TRUST II,1518042,,
2022-12-19,TWILIO INC,1447669,TWLO,Services-Prepackaged Software
2022-12-16,AMERCO /NV/,4457,UHAL,Services-Auto Rental & Leasing (No Drivers)
2022-12-16,CCC Intelligent Solutions Holdings Inc.,1818201,CCCS,Services-Prepackaged Software
2022-12-15,Zymeworks Inc.,1937653,ZYME,Pharmaceutical Preparations
2022-12-13,"Live Oak Bancshares, Inc.",1462120,LOB,State Commercial Banks
2022-12-12,Horizon Acquisition Corp II,1821788,,
2022-12-12,Venus Acquisition Corp,1800392,MLGO,Services-Computer Programming Services
2022-12-02,"AMERICA FIRST MULTIFAMILY INVESTORS, L.P.",1059142,GHI,Finance Services
2022-12-01,ETF Series Solutions,1540305,,
2022-11-30,Exchange Listed Funds Trust,1547950,,
2022-11-25,"First Light Acquisition Group, Inc.",1855485,CLDI,"Biological Products, (No Diagnostic Substances)"
2022-11-14,8X8 INC /DE/,1023731,EGHT,Services-Computer Processing & Data Preparation
2022-11-10,HPX Corp.,1809353,,
2022-11-07,FedNat Holding Co,1069996,,
2022-11-07,PIMCO ETF Trust,1450011,,
2022-11-04,"WisdomTree Investments, Inc.",880631,WT,"Security Brokers, Dealers & Flotation Companies"
2022-11-04,Sierra Metals Inc.,1705259,SMTSF,Metal Mining
2022-10-31,Victory Portfolios II,1547580,,
2022-10-31,Pacer Funds Trust,1616668,,
2022-10-27,BOA Acquisition Corp.,1838544,,
2022-10-25,SAFEGUARD SCIENTIFICS INC,86115,SFES,"Investors, NEC"
2022-10-21,Kinetik Holdings Inc.,1692787,KNTK,Natural Gas Transmission
2022-10-18,Tailwind Acquisition Corp.,1814215,BURU,"Miscellaneous Electrical Machinery, Equipment & Supplies"
2022-10-13,IndexIQ ETF Trust,1415995,,
2022-10-11,PMV Consumer Acquisition Corp.,1807765,PMVC,Blank Checks
2022-10-07,"Dream Finders Homes, Inc.",1825088,DFH,Operative Builders
2022-10-03,FOXO TECHNOLOGIES INC.,1812360,FOXO,Services-Commercial Physical & Biological Research
2022-09-26,"GAMCO INVESTORS, INC. ET AL",1060349,GAMI,"Security Brokers, Dealers & Flotation Companies"
2022-09-26,FOXO TECHNOLOGIES INC.,1812360,FOXO,Services-Commercial Physical & Biological Research
2022-09-23,RBC Bearings INC,1324948,RBC,Ball & Roller Bearings
2022-09-20,Zealand Pharma A/S,1674988,,
2022-09-13,Arrow Investments Trust,1527428,,
2022-09-13,Arrow Investments Trust,1527428,,
2022-09-12,Permian Resources Corp,1658566,PR,Crude Petroleum & Natural Gas
2022-09-12,Burcon NutraScience Corp,1158399,BRCNF,Dairy Products
2022-09-08,"Vivani Medical, Inc.",1266806,VANI,Electromedical & Electrotherapeutic Apparatus
2022-09-02,J.P. Morgan Exchange-Traded Fund Trust,1485894,,
2022-09-01,ALJ REGIONAL HOLDINGS INC,1438731,,
2022-08-30,CRYO CELL INTERNATIONAL INC,862692,CCEL,"Services-Misc Health & Allied Services, NEC"
2022-08-29,PETROCHINA CO LTD,1108329,PCCYF,Crude Petroleum & Natural Gas
2022-08-29,CHINA PETROLEUM & CHEMICAL CORP,1123658,SNPMF,Petroleum Refining
2022-08-26,SINOPEC SHANGHAI PETROCHEMICAL CO LTD,908732,SPTJF,"Plastic Materials, Synth Resins & Nonvulcan Elastomers"
2022-08-22,ALUMINUM CORP OF CHINA LTD,1161611,ALMMF,Primary Production of  Aluminum
2022-08-22,"LMP Automotive Holdings, Inc.",1731727,LMPX,Retail-Auto Dealers & Gasoline Stations
2022-08-22,CHINA LIFE INSURANCE CO LTD,1268896,CILJF,Life Insurance
2022-08-17,UNITED BANCSHARES INC/OH,1087456,UBOH,National Commercial Banks
2022-08-16,Skylight Health Group Inc.,1839730,,
2022-08-15,"Rubicon Technologies, Inc.",1862068,RBTC,Services-Prepackaged Software
2022-08-03,L&F Acquisition Corp.,1823575,,
2022-08-01,Gobi Acquisition Corp.,1854593,,
2022-07-29,SILGAN HOLDINGS INC,849869,SLGN,Metal Cans
2022-07-29,Duddell Street Acquisition Corp.,1823466,NOTE,"Services-Business Services, NEC"
2022-07-29,GENCOR INDUSTRIES INC,64472,GENC,Construction Machinery & Equip
2022-07-27,Global Synergy Acquisition Corp.,1823707,,
2022-07-11,ENEL AMERICAS S.A.,912505,,
2022-07-11,L&F Acquisition Corp.,1823575,,
2022-06-29,Global X Funds,1432353,,
2022-06-27,HUANENG POWER INTERNATIONAL INC,929058,HUNGF,Electric Services
2022-06-15,Oaktree Acquisition Corp. II,1820931,,
2022-06-13,Sitio Royalties Corp.,1703785,,
2022-06-10,ENEL AMERICAS S.A.,912505,,
2022-06-03,WVS FINANCIAL CORP,910679,WVFC,"Savings Institutions, Not Federally Chartered"
2022-06-02,DiDi Global Inc.,1764757,DIDIY,"Services-Business Services, NEC"
2022-06-02,"GENOCEA BIOSCIENCES, INC.",1457612,,
2022-05-23,NICOLET BANKSHARES INC,1174850,NIC,National Commercial Banks
2022-05-20,"CareTrust REIT, Inc.",1590717,CTRE,Real Estate Investment Trusts
2022-05-17,Artisan Acquisition Corp.,1844840,,
2022-05-12,Tidal ETF Trust,1742912,,
2022-05-09,"Eve Holding, Inc.",1823652,EVEX,Aircraft
2022-05-06,Tecnoglass Inc.,1534675,TGLS,Flat Glass
2022-05-03,HUTTIG BUILDING PRODUCTS INC,1093082,,
2022-05-02,NUSCALE POWER Corp,1822966,SMR,Fabricated Plate Work (Boiler Shops)
2022-04-25,"Symbolic Logic, Inc.",1052054,EVOL,Services-Computer Programming Services
2022-04-25,Fortress Transportation & Infrastructure Investors LLC,1590364,FTAI,Services-Miscellaneous Equipment Rental & Leasing
2022-04-18,"Kaleido Biosciences, Inc.",1751299,KLDO,"Biological Products, (No Diagnostic Substances)"
2022-04-13,PENNANTPARK INVESTMENT CORP,1383414,PNNT,
2022-04-13,PennantPark Floating Rate Capital Ltd.,1504619,PFLT,
2022-04-12,SPDR INDEX SHARES FUNDS,1168164,,
2022-04-04,CyrusOne Finance Corp.,1575815,,
2022-04-04,Poema Global Holdings Corp.,1826333,,
2022-04-04,CyrusOne LP,1575810,,
2022-03-28,Retail Value Inc.,1735184,,
2022-03-21,Orphazyme A/S,1764791,,
2022-03-17,Bridgetown 2 Holdings Ltd,1831236,,
2022-03-11,NexGen Energy Ltd.,1698535,NXE,Miscellaneous Metal Ores
2022-03-04,Just Eat Takeaway.com N.V.,1792627,TKAYF,"Services-Business Services, NEC"
2022-03-02,"NORTHERN OIL & GAS, INC.",1104485,NOG,Crude Petroleum & Natural Gas
2022-03-02,DBX ETF TRUST,1503123,,
2022-03-02,DBX ETF TRUST,1503123,,
2022-03-01,"Rigetti Computing, Inc.",1838359,RGTI,Blank Checks
2022-02-24,Biofrontera AG,1712641,,
2022-02-15,Sky Harbour Group Corp,1823587,SKYH,Real Estate
2022-02-14,Spark Networks SE,1705338,,
2022-02-11,"HEAT BIOLOGICS, INC.",1476963,SCPX,Pharmaceutical Preparations
2022-02-09,SILVERBOX ENGAGED MERGER CORP I,1836707,,
2022-02-01,DAXOR CORP,27367,DXR,
2022-01-31,Goldman Sachs Physical Gold ETF,1708646,AAAU,Commodity Contracts Brokers & Dealers
2022-01-31,China Finance Online Co. LTD,1297830,,
2022-01-21,WESTPAC BANKING CORP,719245,WEBNF,"Commercial Banks, NEC"
2022-01-13,BOSTON OMAHA Corp,1494582,BOC,Real Estate Operators (No Developers) & Lessors
2022-01-10,"nCino OpCo, Inc.",1566895,,
2022-01-05,"VPC Impact Acquisition Holdings III, Inc.",1841408,DAVE,Finance Services
2022-01-03,Yellowstone Acquisition Co,1823587,SKYH,Real Estate
2021-12-30,"Kinsale Capital Group, Inc.",1669162,KNSL,"Fire, Marine & Casualty Insurance"
2021-12-28,Collaborative Investment Series Trust,1719812,,
2021-12-27,"Global Indemnity Group, LLC",1494904,GBLI,"Fire, Marine & Casualty Insurance"
2021-12-27,"Global Indemnity Group, LLC",1494904,GBLI,"Fire, Marine & Casualty Insurance"
2021-12-22,GUINNESS ATKINSON FUNDS,919160,,
2021-12-20,"CONDOR HOSPITALITY TRUST, INC.",929545,,
2021-12-16,"GLACIER BANCORP, INC.",868671,GBCI,State Commercial Banks
2021-12-10,"Green Brick Partners, Inc.",1373670,GRBK,Operative Builders
2021-12-10,MAXLINEAR INC,1288469,MXL,Semiconductors & Related Devices
2021-12-08,"Boxed, Inc.",1828672,,
2021-12-07,TPG Pace Solutions Corp.,1840927,,
2021-12-07,"BigBear.ai Holdings, Inc.",1836981,BBAI,Services-Prepackaged Software
2021-12-06,GARMIN LTD,1121788,GRMN,"Search, Detection, Navigation, Guidance, Aeronautical Sys"
2021-12-06,Baker Hughes Co,1701605,BKR,Oil & Gas Field Machinery & Equipment
2021-12-06,Yunhong International,1773086,,
2021-12-06,Baker Hughes Holdings LLC,808362,,
2021-11-26,"Annovis Bio, Inc.",1477845,ANVS,Pharmaceutical Preparations
2021-11-19,HOME BANCSHARES INC,1331520,HOMB,State Commercial Banks
2021-11-10,"Embark Technology, Inc.",1827980,,
2021-11-05,"Nextdoor Holdings, Inc.",1846069,KIND,"Services-Computer Programming, Data Processing, Etc."
2021-11-01,TELLURIAN INC. /DE/,61398,TELZ,Crude Petroleum & Natural Gas
2021-10-29,Vedanta Ltd,1370431,,
2021-10-29,"HELIOS TECHNOLOGIES, INC.",1024795,HLIO,Miscellaneous Fabricated Metal Products
2021-10-25,Alpha Architect ETF Trust,1592900,,
2021-10-22,Palo Alto Networks Inc,1327567,PANW,"Computer Peripheral Equipment, NEC"
2021-10-22,ALKURI GLOBAL ACQUISITION CORP.,1836967,,
2021-10-22,"Brooklyn ImmunoTherapeutics, Inc.",748592,ERNA,Pharmaceutical Preparations
2021-10-20,BowX Acquisition Corp.,1813756,,
2021-10-19,"CBM BANCORP, INC.",1742089,,
2021-10-19,Navitas Semiconductor Corp,1821769,NVTS,Semiconductors & Related Devices
2021-10-19,Innovator ETFs Trust II,1595106,,
2021-10-19,Innovator ETFs Trust II,1595106,,
2021-10-18,OI S.A. - In Judicial Reorganization,1160846,,
2021-10-18,Horizon Acquisition Corp,1817071,,
2021-10-15,"Bakkt Holdings, Inc.",1820302,BKKT,Finance Services
2021-10-08,ACON S2 Acquisition Corp.,1819438,GWH,"Miscellaneous Electrical Machinery, Equipment & Supplies"
2021-10-06,Ardagh Group S.A.,1689662,,
2021-10-01,"CREE, INC.",895419,WOLF,Semiconductors & Related Devices
2021-09-24,Sarcos Technology & Robotics Corporation.,1826681,PDYN,Services-Prepackaged Software
2021-09-20,Xerox Holdings Corp,1770450,XRX,"Computer Peripheral Equipment, NEC"
2021-09-20,"Taiwan Liposome Company, Ltd.",1722890,,
2021-09-20,WASHINGTON PRIME GROUP INC.,1594686,,
2021-09-20,WASHINGTON PRIME GROUP INC.,1594686,,
2021-09-20,WASHINGTON PRIME GROUP INC.,1594686,,
2021-09-16,Soaring Eagle Acquisition Corp.,1830214,DNA,"Biological Products, (No Diagnostic Substances)"
2021-09-10,"Kaleyra, Inc.",1719489,,
2021-09-10,COCA-COLA EUROPACIFIC PARTNERS plc,1650107,CCEP,Bottled & Canned Soft Drinks & Carbonated Waters
2021-09-09,Sustainable Opportunities Acquisition Corp.,1798562,TMC,Metal Mining
2021-09-08,LORAL SPACE & COMMUNICATIONS INC.,1006269,,
2021-08-24,Fifth Wall Acquisition Corp. I,1837014,SMRT,Services-Computer Integrated Systems Design
2021-08-23,HEXO Corp.,1690947,,
2021-08-13,"22nd Century Group, Inc.",1347858,XXII,Cigarettes
2021-08-11,Consonance-HFW Acquisition Corp.,1824893,SRZN,"Biological Products, (No Diagnostic Substances)"
2021-08-04,Gores Holdings V Inc.,1816816,,
2021-08-02,HILLMAN COMPANIES INC,1029831,,
2021-07-23,Churchill Capital Corp IV,1811210,LCID,Motor Vehicles & Passenger Car Bodies
2021-07-21,"MARKETWISE, INC.",1805651,MKTW,Services-Prepackaged Software
2021-07-16,"Builders FirstSource, Inc.",1316835,BLDR,Retail-Lumber & Other Building Materials Dealers
2021-07-12,Watford Holdings Ltd.,1601669,,
2021-07-01,Climate Change Crisis Real Impact I Acquisition Corp,1821159,EVGO,"Services-Automotive Repair, Services & Parking"
2021-06-30,ION Acquisition Corp 1 Ltd.,1821018,,
2021-06-28,A. H. Belo Corp,1413898,DALN,Newspapers: Publishing or  Publishing & Printing
2021-06-21,"ServisFirst Bancshares, Inc.",1430723,SFBS,State Commercial Banks
2021-06-21,"Ocean Power Technologies, Inc.",1378140,OPTT,Electric Services
2021-06-21,Greenrose Acquisition Corp.,1790665,GNRSQ,"Retail-Retail Stores, NEC"
2021-06-16,VG Acquisition Corp.,1804591,ME,Pharmaceutical Preparations
2021-06-07,"InspireMD, Inc.",1433607,NSPR,Surgical & Medical Instruments & Apparatus
2021-06-07,INTELLIGENT SYSTEMS CORP,320340,CCRD,Services-Prepackaged Software
2021-06-02,AdvisorShares Trust,1408970,,
2021-05-28,Social Capital Hedosophia Holdings Corp. V,1818874,SOFI,Finance Services
2021-05-24,AURORA CANNABIS INC,1683541,ACB,Medicinal Chemicals & Botanical Products
2021-05-20,"InspireMD, Inc.",1433607,NSPR,Surgical & Medical Instruments & Apparatus
2021-05-17,Bluegreen Vacations Holding Corp,315858,,
2021-05-12,Golar LNG Partners LP,1415916,,
2021-05-10,HONEYWELL INTERNATIONAL INC,773840,HON,Aircraft Engines & Engine Parts
2021-04-26,Bioceres Crop Solutions Corp.,1769484,BIOX,Agricultural Chemicals
2021-04-16,"Woodward, Inc.",108312,WWD,Electrical Industrial Apparatus
2021-04-16,"LEE ENTERPRISES, Inc",58361,LEE,Newspapers: Publishing or  Publishing & Printing
2021-04-05,"Dave & Buster's Entertainment, Inc.",1525769,PLAY,Retail-Eating  Places
2021-03-19,ALPS ETF Trust,1414040,,
2021-03-19,ALPS ETF Trust,1414040,,
2021-03-18,"WESTWATER RESOURCES, INC.",839470,WWR,Metal Mining
2021-03-15,Davis Fundamental ETF Trust,1670310,,
2021-03-15,Davis Fundamental ETF Trust,1670310,,
2021-03-15,Davis Fundamental ETF Trust,1670310,,
2021-03-15,"Genesis Healthcare, Inc.",1351051,,
2021-03-15,Davis Fundamental ETF Trust,1670310,,
2021-03-15,INSTEEL INDUSTRIES INC,764401,IIIN,"Steel Works, Blast Furnaces & Rolling & Finishing Mills"
2021-03-05,OncoCyte Corp,1642380,OCX,In Vitro & In Vivo Diagnostic Substances
2021-02-11,"Oblong, Inc.",746210,OBLG,"Services-Computer Programming, Data Processing, Etc."
2021-02-01,CorMedix Inc.,1410098,CRMD,Pharmaceutical Preparations
2021-01-29,Cellcom Israel Ltd.,1385145,CELJF,Radiotelephone Communications
2021-01-29,"Ra Medical Systems, Inc.",1716621,VTAK,Surgical & Medical Instruments & Apparatus
2021-01-29,CHART INDUSTRIES INC,892553,GTLS,Fabricated Plate Work (Boiler Shops)
2021-01-21,"Gores Holdings IV, Inc.",1783398,UWMC,Mortgage Bankers & Loan Correspondents
2021-01-19,Wanda Sports Group Co Ltd,1771279,,
2021-01-15,National General Holdings Corp.,1578735,,
2021-01-07,Social Capital Hedosophia Holdings Corp. III,1801170,CLOV,Hospital & Medical Service Plans
2021-01-04,Medley Capital Corp,1490349,PFX,
2021-01-04,Medley Capital Corp,1490349,PFX,
2020-12-31,Managed Portfolio Series,1511699,,
2020-12-31,Managed Portfolio Series,1511699,,
2020-12-31,ChampionX Corp,1723089,CHX,"Construction, Mining & Materials Handling Machinery & Equip"
2020-12-28,AMGEN INC,318154,AMGN,"Biological Products, (No Diagnostic Substances)"
2020-12-28,"PDL BIOPHARMA, INC.",882104,,
2020-12-22,Megalith Financial Acquisition Corp,1725872,BMTX,State Commercial Banks
2020-12-21,"DESTINATION XL GROUP, INC.",813298,DXLG,Retail-Family Clothing Stores
2020-12-21,RELIV INTERNATIONAL INC,768710,,
2020-12-21,PACCAR FINANCIAL CORP,731288,,
2020-12-18,Social Capital Hedosophia Holdings Corp. II,1801169,OPEN,Real Estate Agents & Managers (For Others)
2020-12-17,LINE Corp,1611820,,
2020-12-11,PLAINS ALL AMERICAN PIPELINE LP,1070423,PAA,Pipe Lines (No Natural Gas)
2020-12-11,PLAINS GP HOLDINGS LP,1581990,PAGP,Pipe Lines (No Natural Gas)
2020-12-10,ProShares Trust II,1415311,AGQ,Commodity Contracts Brokers & Dealers
2020-12-10,ProShares Trust II,1415311,AGQ,Commodity Contracts Brokers & Dealers
2020-12-10,ProShares Trust II,1415311,AGQ,Commodity Contracts Brokers & Dealers
2020-12-10,ProShares Trust II,1415311,AGQ,Commodity Contracts Brokers & Dealers
2020-11-30,"PARTS iD, Inc.",1698113,,
2020-11-30,"Purple Innovation, Inc.",1643953,PRPL,Household Furniture
2020-11-16,GUANGSHEN RAILWAY CO LTD,1012139,GNGYF,"Railroads, Line-Haul Operating"
2020-11-16,"Eos Energy Enterprises, Inc.",1805077,EOSE,"Miscellaneous Electrical Machinery, Equipment & Supplies"
2020-11-13,Canopy Growth Corp,1737927,CGC,Medicinal Chemicals & Botanical Products
2020-11-12,"EASTERN ENERGY GAS HOLDINGS, LLC",1603291,,
2020-11-09,Avery Dennison Corp,8818,AVY,Converted Paper & Paperboard Prods (No Contaners/Boxes)
2020-10-30,"HOST HOTELS & RESORTS, INC.",1070750,HST,Real Estate Investment Trusts
2020-10-30,AdvisorShares Trust,1408970,,
2020-10-23,"Kadmon Holdings, Inc.",1557142,,
2020-10-21,Medley Capital Corp,1490349,PFX,
2020-10-20,Amplify ETF Trust,1633061,,
2020-10-13,INPHI Corp,1160958,,
2020-10-13,OSI ETF Trust,1672826,,
2020-10-09,WESTELL TECHNOLOGIES INC,1002135,,
2020-10-01,"Energy Transfer Operating, L.P.",1161154,,
2020-09-30,AMERICAN ELECTRIC POWER CO INC,4904,AEP,Electric Services
2020-09-30,NORTHWESTERN CORP,73088,,
2020-09-29,Graf Industrial Corp.,1745317,,
2020-09-28,DIVIDEND & INCOME FUND,1059213,BXSY,
2020-09-24,ASTRAZENECA PLC,901832,AZN,Pharmaceutical Preparations
2020-09-18,Keurig Dr Pepper Inc.,1418135,KDP,Beverages
2020-09-11,New Mountain Finance Corp,1496099,NMFC,
2020-09-10,MARRIOTT INTERNATIONAL INC /MD/,1048286,MAR,Hotels & Motels
2020-09-09,B COMMUNICATIONS LTD,1402606,,
2020-09-04,"Meet Group, Inc.",1078099,,
2020-08-28,voxeljet AG,1582581,VJTTY,Printing Trades Machinery & Equipment
2020-08-27,FlexShares Trust,1491978,,
2020-08-25,"Bancorp 34, Inc.",1668340,BCTF,"Savings Institution, Federally Chartered"
2020-08-25,Ando Holdings Ltd.,1663641,,
2020-08-21,GOLDMAN SACHS GROUP INC,886982,GS,"Security Brokers, Dealers & Flotation Companies"
2020-08-21,GOLDMAN SACHS GROUP INC,886982,GS,"Security Brokers, Dealers & Flotation Companies"
2020-08-21,GS Finance Corp.,1419828,,
2020-08-21,"KINGOLD JEWELRY, INC.",1089531,,
2020-08-18,Invesco Exchange-Traded Self-Indexed Fund Trust,1657201,,
2020-08-10,Principal Exchange-Traded Funds,1572661,,
2020-08-10,"LEGG MASON, INC.",704051,,
2020-08-05,"POSITIVE PHYSICIANS HOLDINGS, INC.",1752039,,
2020-07-29,RMR Real Estate Income Fund,1452477,SEVN,Real Estate Investment Trusts
2020-07-27,VirnetX Holding Corp,1082324,VHC,Patent Owners & Lessors
2020-07-24,PICO HOLDINGS INC /NEW,830122,,
2020-07-20,DraftKings Inc.,1772757,,
2020-07-09,ETFis Series Trust I,1559109,,
2020-07-02,CREDIT SUISSE AG,1053092,GLDI,"Security Brokers, Dealers & Flotation Companies"
2020-07-02,CREDIT SUISSE AG,1053092,GLDI,"Security Brokers, Dealers & Flotation Companies"
2020-06-30,Ottawa Bancorp Inc,1675192,,
2020-06-29,BBX Capital Corp,315858,,
2020-06-25,ETF Series Solutions,1540305,,
2020-06-23,DBX ETF TRUST,1503123,,
2020-06-11,Seadrill Ltd,1737706,SDRL,Drilling Oil & Gas Wells
2020-06-09,TECOGEN INC.,1537435,TGEN,Air-Cond & Warm Air Heatg Equip & Comm & Indl Refrig Equip
2020-06-08,APACHE CORP,6769,,
2020-06-08,"RUBICON PROJECT, INC.",1595974,MGNI,"Services-Computer Programming, Data Processing, Etc."
2020-06-08,APACHE CORP,6769,,
2020-06-05,Aphria Inc.,1733418,,
2020-05-29,"FTS International, Inc.",1529463,,
2020-05-20,Zyla Life Sciences,1586105,,
2020-05-11,Allergan Funding SCS,1620554,,
2020-05-04,EMMIS COMMUNICATIONS CORP,783005,,
2020-05-01,CONTINENTAL MATERIALS CORP,24104,,
2020-04-20,QUALSTAR CORP,758938,,
2020-04-15,Plymouth Industrial REIT Inc.,1515816,PLYM,Real Estate Investment Trusts
2020-04-14,Benitec Biopharma LTD/ADR,1552795,,
2020-04-06,"Roadrunner Transportation Systems, Inc.",1440024,,
2020-03-30,EMBRAER S.A.,1355444,ERJ,Aircraft
2020-03-30,Embraer Netherlands Finance B.V.,1643219,,
2020-03-30,Yabora Industria Aeronautica S.A.,1799498,,
2020-03-26,MYERS MATTHEW WAYNE,1785963,,
2020-03-26,MICRON SOLUTIONS INC /DE/,819689,,
2020-03-26,WHEELER EUGENE WINSTON JR,1484012,,
2020-03-19,Blue Capital Reinsurance Holdings Ltd.,1582086,,
2020-03-10,SANDSTORM GOLD LTD,1434614,SAND,Gold and Silver Ores
2020-03-09,LGL Systems Acquisition Corp.,1777946,,
2020-02-27,Seaspan Crew Management Ltd.,1743225,,
2020-02-27,Seaspan (Asia) Corp,1743254,,
2020-02-27,Seaspan Advisory Services Ltd,1743246,,
2020-02-27,SEASPAN CAPITAL LTD.,1776539,,
2020-02-27,Seaspan Crew Management Ltd.,1743225,,
2020-02-27,Seaspan Containership 2180 Ltd.,1743255,,
2020-02-27,Seaspan (Asia) Corp,1743254,,
2020-02-27,Seaspan Containership 2180 Ltd.,1743255,,
2020-02-27,Seaspan Advisory Services Ltd,1743246,,
2020-02-27,Seaspan Holdco III Ltd.,1743238,,
2020-02-27,Seaspan Ship Management Ltd.,1743237,,
2020-02-27,Seaspan Holdco III Ltd.,1743238,,
2020-02-27,Seaspan 140 Ltd.,1743231,,
2020-02-27,Seaspan 140 Ltd.,1743231,,
2020-02-27,Seaspan Ship Management Ltd.,1743237,,
2020-02-27,Seaspan Management Services Ltd,1743224,,
2020-02-27,Seaspan CORP,1332639,,
2020-02-27,Seaspan Containership 2181 Ltd.,1743216,,
2020-02-27,Seaspan CORP,1332639,,
2020-02-27,Seaspan Holding 140 Ltd.,1743200,,
2020-02-27,Seaspan Holding 140 Ltd.,1743200,,
2020-02-27,Seaspan Investment I Ltd.,1743212,,
2020-02-27,Seaspan Holdco IV Ltd.,1743213,,
2020-02-27,Seaspan Investment I Ltd.,1743212,,
2020-02-27,Seaspan Holdco II Ltd.,1743214,,
2020-02-27,Seaspan Holdco II Ltd.,1743214,,
2020-02-27,Seaspan Holdco I Ltd.,1743215,,
2020-02-27,Seaspan Holdco I Ltd.,1743215,,
2020-02-27,Seaspan CORP,1332639,,
2020-02-27,Seaspan Containership 2181 Ltd.,1743216,,
2020-02-27,Seaspan Holdco IV Ltd.,1743213,,
2020-02-27,Seaspan Management Services Ltd,1743224,,
2020-02-24,TURQUOISE HILL RESOURCES LTD.,1158041,,
2020-02-24,LADENBURG THALMANN FINANCIAL SERVICES INC.,1029730,,
2020-02-20,"YayYo, Inc.",1691077,YAYO,Services-Computer Processing & Data Preparation
2020-02-10,CONMED CORP,816956,CNMD,Electromedical & Electrotherapeutic Apparatus
2020-02-10,Mountain Province Diamonds Inc.,1004530,MPVDF,Metal Mining
2020-02-03,"FRONTEO, INC.",1550935,,
2020-02-03,AMBAC FINANCIAL GROUP INC,874501,AMBC,Surety Insurance
2020-02-03,AMBAC FINANCIAL GROUP INC,874501,AMBC,Surety Insurance
2020-01-31,"Intellicheck, Inc.",1040896,IDN,Services-Prepackaged Software
2020-01-29,PARKER DRILLING CO /DE/,76321,,
2020-01-23,"ESTRE AMBIENTAL, INC.",1716586,,
2020-01-13,Global X Funds,1432353,,
2020-01-13,Global X Funds,1432353,,
2020-01-03,ETF Series Solutions,1540305,,
2020-01-03,ETF Series Solutions,1540305,,
